{
  "$schema": "https://schema.management.azure.com/schemas/2019-04-01/deploymentTemplate.json#",
  "contentVersion": "1.0.0.0",
  "parameters": {
    "appName": {
      "type": "string",
      "defaultValue": "luxe-bella-app",
      "metadata": {
        "description": "Name of the App Service"
      }
    },
    "sku": {
      "type": "string",
      "defaultValue": "B1",
      "metadata": {
        "description": "SKU for App Service Plan"
      }
    }
  },
  "resources": [
    {
      "type": "Microsoft.Web/serverfarms",
      "apiVersion": "2021-03-01",
      "name": "[concat(parameters('appName'), '-plan')]",
      "location": "[resourceGroup().location]",
      "sku": {
        "name": "[parameters('sku')]"
      }
    },
    {
      "type": "Microsoft.Web/sites",
      "apiVersion": "2021-03-01",
      "name": "[parameters('appName')]",
      "location": "[resourceGroup().location]",
      "dependsOn": [
        "[resourceId('Microsoft.Web/serverfarms', concat(parameters('appName'), '-plan'))]"
      ],
      "properties": {
        "serverFarmId": "[resourceId('Microsoft.Web/serverfarms', concat(parameters('appName'), '-plan'))]",
        "siteConfig": {
          "linuxFxVersion": "NODE|18-lts",
          "appSettings": [
            {
              "name": "WEBSITE_NODE_DEFAULT_VERSION",
              "value": "~18"
            }
          ]
        }
      }
    }
  ]
}

